id,retailer,product,pack,category,price,loyaltyPrice,hasLoyaltyPrice,loyaltyCard,priceType,source,verified
aldi-bananas-5,Aldi,Nature's Pick Bananas,5 each,Fruit & veg,0.78,,False,,standard,https://www.aldi.co.uk/products/fresh-food/fruit/k/1588161416978050001,2026-09-01
aldi-pink-lady-6,Aldi,Nature's Pick Pink Lady Apples,6 each,Fruit & veg,2.85,,False,,standard,https://www.aldi.co.uk/product/nature-s-pick-pink-lady-apples-000000000000271500,2026-09-01
aldi-mozzarella-250,Aldi,Emporium Grated Mozzarella,250g,Chilled,1.89,,False,,standard,https://www.aldi.co.uk/product/emporium-grated-mozzarella-000000000000280873,2026-09-01
aldi-mature-cheddar-400,Aldi,Emporium British Mature Cheddar,400g,Chilled,2.45,,False,,standard,https://www.aldi.co.uk/products/chilled-food/cheese/k/1588161416978051004,2026-09-01
aldi-milk-2l,Aldi,Cowbelle Filtered British Whole Milk,2L,Dairy,1.69,,False,,standard,https://www.aldi.co.uk/product/cowbelle-filtered-british-whole-milk-000000000000423400,2026-09-01
aldi-eggs-6,Aldi,Merevale Free Range Eggs,6 pack,Dairy,0.99,,False,,standard,https://www.aldi.co.uk/product/merevale-free-range-eggs-6-pack-000000000000548465,2026-09-01
aldi-butter-250,Aldi,Cowbelle British Salted Butter,250g,Dairy,1.85,,False,,standard,https://www.aldi.co.uk/product/cowbelle-british-salted-butter-250g-000000000000416554,2026-09-01
aldi-chicken-650,Aldi,Ashfields Chicken Breast Fillets,650g,Meat,4.69,,False,,standard,https://www.aldi.co.uk/product/ashfields-chicken-breast-fillets-000000000000383730,2026-09-01
aldi-rice-1kg,Aldi,Worldwide Foods Basmati Rice,1kg,Food cupboard,1.79,,False,,standard,https://www.aldi.co.uk/product/worldwide-foods-basmati-rice-000000000000262344,2026-09-01
aldi-macaroni-500,Aldi,Cucina Macaroni Pasta,500g,Food cupboard,0.72,,False,,standard,https://www.aldi.co.uk/product/cucina-macaroni-pasta-500g-000000000000308242,2026-09-01
aldi-penne-500,Aldi,Cucina Penne Pasta,500g,Food cupboard,0.69,,False,,standard,https://www.aldi.co.uk/product/cucina-penne-pasta-500g-000000000000308638,2026-09-01
tesco-milk-4pint,Tesco,Tesco British Semi Skimmed Milk,4 pints / 2.272L,Dairy,1.65,,False,,standard,https://www.tesco.com/shop/en-GB/products/254656543,2026-09-01
tesco-eggs-6-medium,Tesco,Tesco Free Range Eggs Medium,6 pack,Dairy,1.8,,False,,standard,https://www.tesco.com/shop/en-GB/browse/fresh-food/milk-butter-and-eggs/eggs/free-range-eggs,2026-09-01
tesco-eggs-6-large,Tesco,Tesco Large Free Range Eggs,6 pack,Dairy,2.1,,False,,standard,https://www.tesco.com/shop/en-GB/products/250802567,2026-09-01
tesco-butter-250,Tesco,Tesco English Salted Butter,250g,Dairy,1.85,,False,,standard,https://www.tesco.com/shop/en-GB/products/256542847,2026-09-01
tesco-butter-block-250,Tesco,Tesco British Salted Block Butter,250g,Dairy,1.99,,False,,standard,https://www.tesco.com/shop/en-GB/products/290920510,2026-09-01
tesco-cheddar-400,Tesco,Tesco Mature Cheddar,400g,Chilled,3.25,,False,,standard,https://www.tesco.com/shop/en-GB/products/305977270,2026-09-01
tesco-pasta-500,Tesco,Tesco Fusilli Pasta,500g,Food cupboard,0.75,,False,,standard,https://www.tesco.com/shop/en-GB/products/254878545,2026-09-01
tesco-rice-1kg,Tesco,Tesco Easy Cook Long Grain Rice,1kg,Food cupboard,1.25,,False,,standard,https://www.tesco.com/shop/en-GB/products/254877356,2026-09-01
tesco-chicken-525,Tesco,Tesco British Chicken Breast Fillets,525g,Meat,3.65,,False,,standard,https://www.tesco.com/shop/en-GB/products/304401631,2026-09-01
tesco-chicken-2kg,Tesco,Tesco British Chicken Breast Fillets,2kg,Meat,12.85,,False,,standard,https://www.tesco.com/shop/en-GB/products/317311429,2026-09-01
tesco-bananas-5,Tesco,Tesco Ripe Bananas,5 pack,Fruit & veg,0.78,,False,,standard,https://www.tesco.com/shop/en-GB/products/266419328,2026-09-01
tesco-bread-800,Tesco,Tesco White Sliced Batch Bread,800g,Bakery,1.4,,False,,standard,https://www.tesco.com/shop/en-GB/products/310098035,2026-09-01
asda-milk-2l,ASDA,ASDA Northern Irish Semi Skimmed Milk,2L,Dairy,1.58,,False,,standard,https://www.asda.com/groceries/product/semi-skimmed-milk/asda-northern-irish-semi-skimmed-milk-2-litres/1799716,2026-09-01
asda-butter-250,ASDA,ASDA British Salted Butter,250g,Dairy,1.85,,False,,standard,https://www.asda.com/groceries/product/block-butter/asda-british-salted-butter-250g/3580294,2026-09-01
asda-bread-800,ASDA,Just Essentials White Bread,800g,Bakery,0.55,,False,,standard,https://www.asda.com/groceries/product/white-bread/just-essentials-by-asda-just-essentials-white-bread-800g/3956734,2026-09-01
asda-bread-farmhouse-800,ASDA,Exceptional White Farmhouse Loaf,800g,Bakery,1.6,,False,,standard,https://www.asda.com/groceries/product/white-bread/exceptional-by-asda-white-farmhouse-loaf-800g/9137880,2026-09-01
asda-hovis-800,ASDA,Hovis Soft White Medium,800g,Bakery,1.39,,False,,standard,https://www.asda.com/groceries/product/white-bread/hovis-soft-white-medium-800g/883344,2026-09-01
asda-eggs-6,ASDA,The Lakes Free Range Eggs,6 pack,Dairy,1.78,,False,,standard,https://www.asda.com/groceries/product/free-range-eggs/the-lakes-free-range-egg-co-laid-with-love-6-free-range-eggs/9174494,2026-09-01
asda-eggs-happy-6,ASDA,The Happy Egg Co Free Range Eggs,6 large,Dairy,2.83,,False,,standard,https://www.asda.com/groceries/product/free-range-eggs/the-happy-egg-co-free-range-eggs-6-large/2982601,2026-09-01
asda-rice-1kg,ASDA,Just Essentials Long Grain Rice,1kg,Food cupboard,0.52,,False,,standard,https://www.asda.com/groceries/product/long-grain-basmati-rice/just-essentials-by-asda-just-essentials-long-grain-rice-1kg/443428,2026-09-01
asda-brown-rice-1kg,ASDA,ASDA Easy Cook Long Grain Brown Rice,1kg,Food cupboard,2.64,,False,,standard,https://www.asda.com/groceries/product/long-grain-basmati-rice/asda-easy-cook-long-grain-brown-rice/9132450,2026-09-01
asda-premium-butter-250,ASDA,Exceptional Sea Salted West Country Butter,250g,Dairy,2.9,,False,,standard,https://www.asda.com/groceries/product/block-butter/exceptional-by-asda-sea-salted-west-country-british-butter-250g/9114614,2026-09-01
morrisons-milk-4pint,Morrisons,Morrisons British Semi Skimmed Milk,4 pints / 2.272L,Dairy,1.65,,False,,standard,https://groceries.morrisons.com/categories/fresh-foods/milk-eggs-butter/fresh-milk/semi-skimmed-milk/177269,2026-09-01
morrisons-milk-2pint,Morrisons,Morrisons British Semi Skimmed Milk,2 pints / 1.136L,Dairy,1.2,,False,,standard,https://groceries.morrisons.com/categories/fresh-foods/milk-eggs-butter/fresh-milk/semi-skimmed-milk/177269,2026-09-01
morrisons-eggs-medium-6,Morrisons,Morrisons Medium Free Range Eggs,6 pack,Dairy,1.8,,False,,standard,https://groceries.morrisons.com/products/morrisons-medium-free-range-eggs-6-pack/105828736,2026-09-01
morrisons-eggs-large-6,Morrisons,Morrisons Large Free Range Eggs,6 pack,Dairy,2.1,,False,,standard,https://groceries.morrisons.com/products/morrisons-large-free-range-eggs-6-pack/105828461,2026-09-01
morrisons-eggs-vl-6,Morrisons,Morrisons Very Large Free Range Eggs,6 pack,Dairy,2.4,,False,,standard,https://groceries.morrisons.com/products/morrisons-very-large-free-range-eggs-6-pack/105828787,2026-09-01
morrisons-cheddar-400,Morrisons,Morrisons British Mature Cheddar,400g,Chilled,2.95,,False,,standard,https://groceries.morrisons.com/categories/fresh-foods/cheese/cheddar-cheese/mature-cheddar-cheese/177382,2026-09-01
morrisons-rice-1kg,Morrisons,Morrisons Easy Cook Long Grain Rice,1kg,Food cupboard,1.25,,False,,standard,https://groceries.morrisons.com/products/morrisons-easy-cook-long-grain-rice/109748952,2026-09-01
morrisons-brown-rice-1kg,Morrisons,Morrisons Easy Cook Brown Long Grain Rice,1kg,Food cupboard,1.39,,False,,standard,https://groceries.morrisons.com/products/morrisons-easy-cook-brown-long-grain-rice/104552192,2026-09-01
morrisons-nutella-200,Morrisons,Nutella Chocolate & Hazelnut Spread,200g,Food cupboard,2,,False,,standard,https://groceries.morrisons.com/products/nutella-chocolate-hazelnut-spread/100113942,2026-09-01
waitrose-milk-4pint,Waitrose,Essential British Free Range Semi-Skimmed Milk,4 pints / 2.272L,Dairy,1.75,,False,,standard,https://www.waitrose.com/ecom/shop/browse/groceries/everyday_value/dairy_and_eggs,2026-09-01
waitrose-milk-2pint,Waitrose,Essential British Free Range Semi-Skimmed Milk,2 pints / 1.136L,Dairy,1.3,,False,,standard,https://www.waitrose.com/ecom/shop/browse/groceries/everyday_value/dairy_and_eggs,2026-09-01
waitrose-eggs-6,Waitrose,Essential Free Range White Eggs,6 pack,Dairy,1.3,,False,,standard,https://www.waitrose.com/ecom/shop/browse/groceries/everyday_value/dairy_and_eggs,2026-09-01
waitrose-eggs-longstock-6,Waitrose,No.1 Longstock Gold Free Range Eggs,6 pack,Dairy,2.85,,False,,standard,https://www.waitrose.com/ecom/products/no1-longstock-gold-free-range-eggs/837555-791394-791395,2026-09-01
waitrose-butter-250,Waitrose,Essential Salted Butter,250g,Dairy,2,,False,,standard,https://www.waitrose.com/ecom/products/essential-salted-butter/043101-21272-21273,2026-09-01
waitrose-cheddar-350,Waitrose,Essential Mature Cheddar Cheese,350g,Chilled,2.75,,False,,standard,https://www.waitrose.com/ecom/shop/browse/groceries/everyday_value/dairy_and_eggs,2026-09-01
waitrose-cheddar-550,Waitrose,Essential Mature Cheddar Cheese,550g,Chilled,4,,False,,standard,https://www.waitrose.com/ecom/shop/browse/groceries/everyday_value/dairy_and_eggs,2026-09-01
waitrose-bread-800,Waitrose,Waitrose Soft White Toastie Thick Sliced Bread,800g,Bakery,1,,False,,standard,https://www.waitrose.com/ecom/shop/browse/groceries/bakery/bread/white_bread,2026-09-01
waitrose-rice-brown-1kg,Waitrose,Waitrose Traditional Brown Basmati Aged Rice,1kg,Food cupboard,3.5,,False,,standard,https://www.waitrose.com/ecom/products/waitrose-traditional-brown-basmati-aged-rice/005872-2574-2575,2026-09-01
waitrose-rice-wild-1kg,Waitrose,Waitrose Basmati & Wild Rice,1kg,Food cupboard,5,,False,,standard,https://www.waitrose.com/ecom/products/waitrose-basmati-wild-rice/056259-28217-28218,2026-09-01
waitrose-nutella-350,Waitrose,Nutella Chocolate Hazelnut Spread,350g,Food cupboard,3.3,,False,,standard,https://www.waitrose.com/ecom/products/nutella-chocolate-hazelnut-spread/712158-741917-741918,2026-09-01
waitrose-nutella-630,Waitrose,Nutella Chocolate Hazelnut Spread,630g,Food cupboard,5.5,,False,,standard,https://www.waitrose.com/ecom/products/nutella-chocolate-hazelnut-spread/837228-705772-705773,2026-09-01
waitrose-nuts-400,Waitrose,Waitrose Mixed Nuts,400g,Food cupboard,6.75,,False,,standard,https://www.waitrose.com/ecom/products/waitrose-mixed-nuts/062241-31581-31582,2026-09-01
waitrose-iceberg,Waitrose,Essential Iceberg Lettuce,1 each,Fruit & veg,1,,False,,standard,https://www.waitrose.com/ecom/shop/browse/groceries/waitrose_brands/essential_waitrose_and_partners,2026-09-01
waitrose-cucumber,Waitrose,Waitrose Loose Cucumber,1 each,Fruit & veg,1.1,,False,,standard,https://www.waitrose.com/ecom/shop/browse/groceries/everyday_value,2026-09-01
tesco-clarence-court-leghorn-6,Tesco,Clarence Court Traditional Leghorn Whites Free Range Eggs,6 pack,Dairy,2.85,2.35,True,Tesco Clubcard,standard_and_loyalty,https://www.tesco.com/shop/en-GB/search?query=eggs,2026-09-01
tesco-eggs-medium-12,Tesco,Tesco Medium Free Range Eggs,12 pack,Dairy,2.85,,False,,standard,https://www.tesco.com/shop/en-GB/search?query=eggs,2026-09-01
tesco-eggs-large-12,Tesco,Tesco Large Free Range Eggs,12 pack,Dairy,3.3,,False,,standard,https://www.tesco.com/shop/en-GB/search?query=eggs,2026-09-01
tesco-eggs-medium-6,Tesco,Tesco Free Range Eggs Medium,6 pack,Dairy,1.8,,False,,standard,https://www.tesco.com/shop/en-GB/search?query=eggs,2026-09-01
tesco-finest-maran-6,Tesco,Tesco Finest 6 Free Range Chestnut Maran Eggs,6 pack,Dairy,2.9,2.6,True,Tesco Clubcard,standard_and_loyalty,https://www.tesco.com/shop/en-GB/search?query=eggs,2026-09-01
tesco-st-ewe-rich-yolk-6,Tesco,St. Ewe Rich Yolk Large Free-Range Eggs,6 pack,Dairy,3.5,2.95,True,Tesco Clubcard,standard_and_loyalty,https://www.tesco.com/shop/en-GB/search?query=eggs,2026-09-01
tesco-eggs-very-large-6,Tesco,Tesco Free Range Eggs Very Large,6 pack,Dairy,2.4,,False,,standard,https://www.tesco.com/shop/en-GB/search?query=eggs,2026-09-01
tesco-philadelphia-protein-165,Tesco,Philadelphia Protein Low Fat Soft Cream Cheese,165g,Chilled,2.25,1.25,True,Tesco Clubcard,standard_and_loyalty,https://www.tesco.com/shop/en-GB/search?query=cheese,2026-09-01
tesco-babybel-6,Tesco,Mini Babybel Original Cheese Snacks,6 x 20g,Chilled,2.45,1.5,True,Tesco Clubcard,standard_and_loyalty,https://www.tesco.com/shop/en-GB/search?query=cheese,2026-09-01
tesco-babybel-10,Tesco,Mini Babybel Original Cheese Snacks,10 x 20g,Chilled,2.95,,False,,standard,https://www.tesco.com/shop/en-GB/search?query=cheese,2026-09-01
tesco-cathedral-city-550,Tesco,Cathedral City Mature Cheddar Cheese,550g,Chilled,3.5,,False,,standard,https://www.tesco.com/shop/en-GB/search?query=cheese,2026-09-01
tesco-extra-mature-cheddar-400,Tesco,Tesco Extra Mature Cheddar Cheese,400g,Chilled,3.25,,False,,standard,https://www.tesco.com/shop/en-GB/search?query=cheese,2026-09-01
tesco-red-leicester-400,Tesco,Tesco Red Leicester Cheese,400g,Chilled,3.25,,False,,standard,https://www.tesco.com/shop/en-GB/search?query=cheese,2026-09-01
tesco-creamfields-red-leicester-400,Tesco,Creamfields Red Leicester Cheese,400g,Chilled,2.45,,False,,standard,https://www.tesco.com/shop/en-GB/search?query=cheese,2026-09-01
tesco-creamfields-soft-cheese-200,Tesco,Creamfields Soft Cheese,200g,Chilled,0.95,,False,,standard,https://www.tesco.com/shop/en-GB/search?query=cheese,2026-09-01
tesco-wensleydale-cranberry-200,Tesco,Tesco Wensleydale Cheese with Cranberries,200g,Chilled,2.85,,False,,standard,https://www.tesco.com/shop/en-GB/search?query=cheese,2026-09-01
tesco-cadbury-fingers-114,Tesco,Cadbury Dairy Milk Chocolate Fingers Biscuits,114g,Treats,2.25,,False,,standard,https://www.tesco.com/shop/en-GB/search?query=chocolate,2026-09-01
tesco-twirl-6-129,Tesco,Cadbury Twirl Milk Chocolate 6pk Multipack,129g,Treats,2.25,1.75,True,Tesco Clubcard,standard_and_loyalty,https://www.tesco.com/shop/en-GB/search?query=chocolate,2026-09-01
tesco-kitkat-8-1656,Tesco,KitKat 2 Finger Milk Chocolate Biscuit Bars 8 Pack,165.6g,Treats,2.2,1.6,True,Tesco Clubcard,standard_and_loyalty,https://www.tesco.com/shop/en-GB/search?query=chocolate,2026-09-01
tesco-cadbury-4-134,Tesco,Cadbury Dairy Milk Chocolate Bar 4 Pack,134g,Treats,2.25,1.75,True,Tesco Clubcard,standard_and_loyalty,https://www.tesco.com/shop/en-GB/search?query=chocolate,2026-09-01
tesco-celebrations-500,Tesco,Celebrations Milk Chocolates Sharing Gift Tub,500g,Treats,7,3.95,True,Tesco Clubcard,standard_and_loyalty,https://www.tesco.com/shop/en-GB/search?query=chocolate,2026-09-01
tesco-mms-peanut-112,Tesco,M&M's Peanut Milk Chocolate Bag Pouch,112g,Treats,2.2,1.5,True,Tesco Clubcard,standard_and_loyalty,https://www.tesco.com/shop/en-GB/search?query=chocolate,2026-09-01
tesco-galaxy-minstrels-118,Tesco,Galaxy Minstrels Milk Chocolate Buttons Bag,118g,Treats,1.69,,False,,standard,https://www.tesco.com/shop/en-GB/search?query=chocolate,2026-09-01
tesco-ms-mollys-milk-choc-100,Tesco,Ms Molly's Milk Chocolate Bar,100g,Treats,0.59,,False,,standard,https://www.tesco.com/shop/en-GB/search?query=chocolate,2026-09-01
tesco-dark-choc-200,Tesco,Tesco Dark Chocolate Bar,200g,Treats,2,,False,,standard,https://www.tesco.com/shop/en-GB/search?query=dark+chocolate,2026-09-01
tesco-finest-ecuador-100,Tesco,Tesco Finest Ecuador Dark Chocolate 75%,100g,Treats,2.4,,False,,standard,https://www.tesco.com/shop/en-GB/search?query=dark+chocolate,2026-09-01
tesco-lindt-excellence-100,Tesco,Lindt Excellence Dark Chocolate 70% Cocoa,100g,Treats,3.5,,False,,standard,https://www.tesco.com/shop/en-GB/search?query=dark+chocolate,2026-09-01
tesco-warburtons-wholemeal-800,Tesco,Warburtons Wholemeal Medium Sliced Bread,800g,Bakery,1.35,,False,,standard,https://www.tesco.com/shop/en-GB/search?query=bread+800g,2026-09-01
tesco-warburtons-farmhouse-800,Tesco,Warburtons Farmhouse Thick Sliced White Bread,800g,Bakery,1.65,,False,,standard,https://www.tesco.com/shop/en-GB/search?query=bread+800g,2026-09-01
tesco-hovis-soft-white-800,Tesco,Hovis Soft White Medium Sliced Bread,800g,Bakery,1.25,,False,,standard,https://www.tesco.com/shop/en-GB/search?query=bread+800g,2026-09-01
tesco-multiseed-800,Tesco,Tesco Multiseed Batch Medium Sliced White Loaf,800g,Bakery,1.3,,False,,standard,https://www.tesco.com/shop/en-GB/search?query=bread+800g,2026-09-01
tesco-hovis-best-of-both-800,Tesco,Hovis Best of Both Medium Bread,800g,Bakery,1.15,,False,,standard,https://www.tesco.com/shop/en-GB/search?query=bread+800g,2026-09-01
tesco-white-toastie-800,Tesco,Tesco White Toastie Bread Thick Sliced,800g,Bakery,0.75,,False,,standard,https://www.tesco.com/shop/en-GB/search?query=bread+800g,2026-09-01
tesco-hovis-seed-sensations-800,Tesco,Hovis Seed Sensations Seven Seeds Sliced Bread,800g,Bakery,2,1.75,True,Tesco Clubcard,standard_and_loyalty,https://www.tesco.com/shop/en-GB/search?query=bread+800g,2026-09-01
tesco-warburtons-toastie-800,Tesco,Warburtons Toastie Thick Sliced White Bread,800g,Bakery,1.4,,False,,standard,https://www.tesco.com/shop/en-GB/search?query=bread+800g,2026-09-01
tesco-hovis-wholemeal-thick-800,Tesco,Hovis Wholemeal Thick Sliced Bread,800g,Bakery,1.5,,False,,standard,https://www.tesco.com/shop/en-GB/search?query=bread+800g,2026-09-01
tesco-hovis-soft-white-thick-800,Tesco,Hovis Soft White Thick Sliced Bread,800g,Bakery,1.25,,False,,standard,https://www.tesco.com/shop/en-GB/search?query=bread+800g,2026-09-01
tesco-finest-super-seeded-800,Tesco,Tesco Finest Super Seeded Sliced Farmhouse Loaf,800g,Bakery,1.75,,False,,standard,https://www.tesco.com/shop/en-GB/search?query=bread+800g,2026-09-01
tesco-warburtons-seeded-800,Tesco,Warburtons Farmhouse Seeded Blend of 8 Seeds,800g,Bakery,2,,False,,standard,https://www.tesco.com/shop/en-GB/search?query=bread+800g,2026-09-01
tesco-hovis-wholemeal-tasty-800,Tesco,Hovis Wholemeal Tasty Medium Bread,800g,Bakery,1.5,,False,,standard,https://www.tesco.com/shop/en-GB/search?query=bread+800g,2026-09-01
sains-walkers-roast-chicken-6,Sainsbury's,Walkers Roast Chicken Multipack Crisps,6 x 25g,Snacks,2.2,1.5,True,Nectar,standard_and_loyalty,https://www.sainsburys.co.uk/groceries/browse/snacks-sweets-and-treats/crisps/c:1019694,2026-09-01
sains-walkers-ready-salted-6,Sainsbury's,Walkers Ready Salted Multipack Crisps,6 x 25g,Snacks,2.2,1.5,True,Nectar,standard_and_loyalty,https://www.sainsburys.co.uk/groceries/browse/snacks-sweets-and-treats/crisps/c:1019694,2026-09-01
sains-walkers-cheese-onion-6,Sainsbury's,Walkers Cheese & Onion Multipack Crisps,6 x 25g,Snacks,2.2,1.5,True,Nectar,standard_and_loyalty,https://www.sainsburys.co.uk/groceries/browse/snacks-sweets-and-treats/crisps/c:1019694,2026-09-01
sains-walkers-salt-vinegar-6,Sainsbury's,Walkers Salt & Vinegar Multipack Crisps,6 x 25g,Snacks,2.2,1.5,True,Nectar,standard_and_loyalty,https://www.sainsburys.co.uk/groceries/browse/snacks-sweets-and-treats/crisps/c:1019694,2026-09-01
sains-hula-hoops-bbq-6,Sainsbury's,Hula Hoops BBQ Beef Potato Ring Crisps,6 x 24g,Snacks,2.35,,False,,standard,https://www.sainsburys.co.uk/groceries/browse/snacks-sweets-and-treats/crisps/c:1019694,2026-09-01
sains-own-cheese-onion-6,Sainsbury's,Sainsbury's Cheese & Onion Multipack Crisps,6 x 25g,Snacks,0.85,,False,,standard,https://www.sainsburys.co.uk/groceries/browse/snacks-sweets-and-treats/crisps/c:1019694,2026-09-01
sains-pringles-sour-165,Sainsbury's,Pringles Sour Cream & Onion Sharing Crisps,165g,Snacks,2.5,,False,,standard,https://www.sainsburys.co.uk/groceries/browse/snacks-sweets-and-treats/crisps/c:1019694,2026-09-01
sains-heinz-beans-richmond-200,Sainsbury's,Heinz Baked Beans & Richmond Pork Sausages,200g,Tinned,1.4,1.2,True,Nectar,standard_and_loyalty,https://www.sainsburys.co.uk/webapp/wcs/stores/servlet/gb/groceries/baked-beans,2026-09-01
sains-heinz-beans-4x415,Sainsbury's,Heinz Baked Beans in a Rich Tomato Sauce,4 x 415g,Tinned,3.9,3,True,Nectar,standard_and_loyalty,https://www.sainsburys.co.uk/webapp/wcs/stores/servlet/gb/groceries/baked-beans,2026-09-01
sains-cadbury-fingers-114,Sainsbury's,Cadbury Dairy Milk Fingers Milk Chocolate Covered Biscuits,114g,Treats,2.25,1.25,True,Nectar,standard_and_loyalty,https://sainsburys.co.uk/gol-ui/brands/cadbury/,2026-09-01
sains-cadbury-mini-fingers,Sainsbury's,Cadbury Mini Fingers Multipack,5 x 19.3g,Treats,1.5,1.25,True,Nectar,standard_and_loyalty,https://sainsburys.co.uk/gol-ui/brands/cadbury/,2026-09-01
sains-cadbury-animals,Sainsbury's,Cadbury Animals Mini Biscuits Multipack,5 x 19.9g,Treats,1.5,1.25,True,Nectar,standard_and_loyalty,https://sainsburys.co.uk/gol-ui/brands/cadbury/,2026-09-01
sains-cadbury-timeout,Sainsbury's,Cadbury Timeout Roundie Multipack Wafers,5 x 30g,Treats,2,1.5,True,Nectar,standard_and_loyalty,https://sainsburys.co.uk/gol-ui/brands/cadbury/,2026-09-01
sains-cadbury-mousse,Sainsbury's,Cadbury Dairy Milk Mousse,4 x 45g,Chilled,2,1.5,True,Nectar,standard_and_loyalty,https://sainsburys.co.uk/gol-ui/brands/cadbury/,2026-09-01
sains-cadbury-chunks-75,Sainsbury's,Cadbury Dairy Milk Chunks Dessert,75g,Chilled,1.25,0.9,True,Nectar,standard_and_loyalty,https://sainsburys.co.uk/gol-ui/brands/cadbury/,2026-09-01
sains-cadbury-cream-dessert,Sainsbury's,Cadbury Dairy Milk Creamy Milk & White Chocolate Dessert,80g,Chilled,1.5,1,True,Nectar,standard_and_loyalty,https://sainsburys.co.uk/gol-ui/brands/cadbury/,2026-09-01
sains-diet-coke-24,Sainsbury's,Diet Coke Cola,24 x 330ml,Drinks,12,8.5,True,Nectar,standard_and_loyalty,https://sainsburys.co.uk/gol-ui/brands/coca-cola/facet%3Acocacola,2026-09-01
sains-coke-zero-24,Sainsbury's,Coca-Cola Zero Sugar,24 x 330ml,Drinks,12,8.5,True,Nectar,standard_and_loyalty,https://sainsburys.co.uk/gol-ui/brands/coca-cola/facet%3Acocacola,2026-09-01
sains-diet-coke-6x200,Sainsbury's,Diet Coke Cola,6 x 200ml,Drinks,3.5,2.5,True,Nectar,standard_and_loyalty,https://sainsburys.co.uk/gol-ui/brands/coca-cola/facet%3Acocacola,2026-09-01
sains-coke-zero-8,Sainsbury's,Coca-Cola Zero Sugar,8 x 330ml,Drinks,5.25,3.5,True,Nectar,standard_and_loyalty,https://sainsburys.co.uk/gol-ui/brands/coca-cola/facet%3Acocacola,2026-09-01
sains-monster-ultra-4,Sainsbury's,Monster Energy Drink Ultra,4 x 500ml,Drinks,6.4,5.2,True,Nectar,standard_and_loyalty,https://sainsburys.co.uk/gol-ui/brands/coca-cola/facet%3Acocacola,2026-09-01
sains-coke-zero-2l,Sainsbury's,Coca-Cola Zero Sugar,2L,Drinks,2.45,,False,,standard,https://sainsburys.co.uk/gol-ui/brands/coca-cola/facet%3Acocacola,2026-09-01
coop-milk-1pint,Co-op,Co-op 1 Pint Fresh Semi-skimmed Milk,568ml,Dairy,0.95,0.85,True,Co-op Member Card,standard_and_loyalty,https://www.coop.co.uk/products/aldi-price-match,2026-09-01
coop-milk-4pint,Co-op,Co-op 4 Pint Fresh Semi-skimmed Milk,2.27L,Dairy,1.95,1.65,True,Co-op Member Card,standard_and_loyalty,https://www.coop.co.uk/products/aldi-price-match,2026-09-01
coop-cheddar-400,Co-op,Co-op British Mature White Cheddar,400g,Chilled,3.5,2.49,True,Co-op Member Card,standard_and_loyalty,https://www.coop.co.uk/products/aldi-price-match,2026-09-01
coop-buttery-500,Co-op,Co-op Buttery,500g,Dairy,1.6,0.89,True,Co-op Member Card,standard_and_loyalty,https://www.coop.co.uk/products/aldi-price-match,2026-09-01
coop-eggs-medium-6,Co-op,Co-op British Medium Free Range Eggs,6 pack,Dairy,2,1.55,True,Co-op Member Card,standard_and_loyalty,https://www.coop.co.uk/products/aldi-price-match/milk-butter-cheese-eggs,2026-09-01
coop-eggs-large-6,Co-op,Co-op British Large Free Range Eggs,6 pack,Dairy,2.2,1.79,True,Co-op Member Card,standard_and_loyalty,https://www.coop.co.uk/products/aldi-price-match/milk-butter-cheese-eggs,2026-09-01
coop-yogurt-greek-500,Co-op,Co-op Greek Style Natural Yogurt,500g,Chilled,1.25,0.95,True,Co-op Member Card,standard_and_loyalty,https://www.coop.co.uk/products/aldi-price-match/milk-butter-cheese-eggs,2026-09-01
coop-linguine-500,Co-op,Co-op Linguine Pasta,500g,Food cupboard,0.85,0.75,True,Co-op Member Card,standard_and_loyalty,https://www.coop.co.uk/products/co-op-linguine-pasta-500g,2026-09-01
coop-fusilli-500,Co-op,Co-op Fusilli Pasta Twists,500g,Food cupboard,0.85,0.69,True,Co-op Member Card,standard_and_loyalty,https://www.coop.co.uk/products/co-op-fusilli-pasta-twists-500g,2026-09-01
coop-macaroni-500,Co-op,Co-op Italian Menu Macaroni,500g,Food cupboard,0.85,0.72,True,Co-op Member Card,standard_and_loyalty,https://www.coop.co.uk/products/aldi-price-match,2026-09-01
coop-farfalle-500,Co-op,Co-op Italian Menu Farfalle,500g,Food cupboard,0.85,0.69,True,Co-op Member Card,standard_and_loyalty,https://www.coop.co.uk/products/aldi-price-match,2026-09-01
coop-tagliatelle-500,Co-op,Co-op Italian Menu Tagliatelle,500g,Food cupboard,0.85,0.69,True,Co-op Member Card,standard_and_loyalty,https://www.coop.co.uk/products/aldi-price-match,2026-09-01
coop-spaghetti-500,Co-op,Co-op Spaghetti,500g,Food cupboard,0.85,0.75,True,Co-op Member Card,standard_and_loyalty,https://www.coop.co.uk/products/aldi-price-match,2026-09-01
coop-wholewheat-fusilli-500,Co-op,Co-op Italian Wholewheat Fusilli,500g,Food cupboard,0.85,0.75,True,Co-op Member Card,standard_and_loyalty,https://www.coop.co.uk/products/aldi-price-match,2026-09-01
coop-wholewheat-spaghetti-500,Co-op,Co-op Wholewheat Spaghetti,500g,Food cupboard,0.85,0.75,True,Co-op Member Card,standard_and_loyalty,https://www.coop.co.uk/products/aldi-price-match,2026-09-01
coop-rice-1kg,Co-op,Co-op Long Grain Rice,1kg,Food cupboard,1.55,1.25,True,Co-op Member Card,standard_and_loyalty,https://www.coop.co.uk/products/aldi-price-match,2026-09-01
coop-noodles-250,Co-op,Co-op Medium Egg Noodles,250g,Food cupboard,1.25,0.95,True,Co-op Member Card,standard_and_loyalty,https://www.coop.co.uk/products/aldi-price-match,2026-09-01
coop-malt-biscuits-250,Co-op,Co-op Milk Chocolate Malted Milk Biscuits,250g,Treats,1.5,1.29,True,Co-op Member Card,standard_and_loyalty,https://www.coop.co.uk/products/aldi-price-match,2026-09-01
coop-ketchup-550,Co-op,Co-op Tomato Ketchup,550g,Food cupboard,1,0.89,True,Co-op Member Card,standard_and_loyalty,https://www.coop.co.uk/products/aldi-price-match,2026-09-01
coop-chopped-tomatoes-400,Co-op,Co-op Chopped Tomatoes,400g,Food cupboard,0.5,0.47,True,Co-op Member Card,standard_and_loyalty,https://www.coop.co.uk/products/aldi-price-match,2026-09-01
coop-flour-15kg,Co-op,Co-op Plain White Flour,1.5kg,Baking,0.85,0.7,True,Co-op Member Card,standard_and_loyalty,https://www.coop.co.uk/products/aldi-price-match,2026-09-01
coop-veg-oil-1l,Co-op,Co-op Pure Vegetable Oil,1L,Food cupboard,1.65,1.45,True,Co-op Member Card,standard_and_loyalty,https://www.coop.co.uk/products/aldi-price-match,2026-09-01
iceland-eggs-10-large,Iceland,Iceland 10 Large Class A British Eggs,10 pack,Dairy,2.2,,False,,standard,https://www.iceland.co.uk/fresh/milk-butter-and-eggs,2026-09-01
iceland-semi-2l,Iceland,Iceland British Semi-Skimmed Milk,2L,Dairy,1.65,,False,,standard,https://www.iceland.co.uk/fresh/milk-butter-and-eggs,2026-09-01
iceland-whole-2l,Iceland,Iceland British Whole Milk,2L,Dairy,1.65,,False,,standard,https://www.iceland.co.uk/fresh/milk-butter-and-eggs,2026-09-01
iceland-lurpak-400,Iceland,Lurpak Slightly Salted Spreadable Blend of Butter and Rapeseed Oil,400g,Dairy,4.25,,False,,standard,https://www.iceland.co.uk/fresh/milk-butter-and-eggs,2026-09-01
iceland-eggs-10-mixed,Iceland,Iceland 10 Mixed Weight British Eggs,10 pack,Dairy,1.9,,False,,standard,https://www.iceland.co.uk/fresh/milk-butter-and-eggs,2026-09-01
iceland-butter-250,Iceland,Iceland British Salted Butter,250g,Dairy,2,,False,,standard,https://www.iceland.co.uk/fresh/milk-butter-and-eggs,2026-09-01
iceland-eggs-6-large,Iceland,Iceland 6 Large Free Range British Eggs,6 pack,Dairy,2,,False,,standard,https://www.iceland.co.uk/fresh/milk-butter-and-eggs,2026-09-01
iceland-elmlea,Iceland,Elmlea Double Cream Alternative,270ml,Dairy,1.65,,False,,standard,https://www.iceland.co.uk/fresh/milk-butter-and-eggs,2026-09-01
iceland-semi-1l,Iceland,Iceland British Semi-Skimmed Milk,1L,Dairy,1.2,,False,,standard,https://www.iceland.co.uk/fresh/milk-butter-and-eggs,2026-09-01
iceland-double-cream-300,Iceland,Iceland British Double Cream,300ml,Dairy,1.95,,False,,standard,https://www.iceland.co.uk/fresh/milk-butter-and-eggs,2026-09-01
iceland-anchor-salted-200,Iceland,Anchor Salted Butter,200g,Dairy,2.6,,False,,standard,https://www.iceland.co.uk/fresh/milk-butter-and-eggs,2026-09-01
iceland-cravendale-whole-2l,Iceland,Arla Cravendale Filtered Fresh Whole Milk,2L,Dairy,2.75,,False,,standard,https://www.iceland.co.uk/fresh/milk-butter-and-eggs,2026-09-01
iceland-flora-buttery-450,Iceland,Flora Buttery Butter Alternative,450g,Dairy,1.9,,False,,standard,https://www.iceland.co.uk/fresh/milk-butter-and-eggs,2026-09-01
iceland-eggs-30,Iceland,Iceland 30 Mixed Size Eggs,30 pack,Dairy,4.25,,False,,standard,https://www.iceland.co.uk/fresh/milk-butter-and-eggs,2026-09-01
iceland-dairypak-500,Iceland,Dairypak Irish Butter Blended with Vegetable Oil,500g,Dairy,2.25,,False,,standard,https://www.iceland.co.uk/fresh/milk-butter-and-eggs,2026-09-01
iceland-scottish-semi-2l,Iceland,Iceland Scottish Semi-Skimmed Milk,2L,Dairy,1.65,,False,,standard,https://www.iceland.co.uk/fresh/milk-butter-and-eggs,2026-09-01
iceland-lard-250,Iceland,Meadow Churn Lard,250g,Cooking,0.65,,False,,standard,https://www.iceland.co.uk/fresh/milk-butter-and-eggs,2026-09-01
iceland-actimel-8,Iceland,Actimel Strawberry Immune Support Yoghurt Drink Multipack,8 x 100g,Chilled,3.75,,False,,standard,https://www.iceland.co.uk/fresh/milk-butter-and-eggs,2026-09-01
iceland-moo-milk-1l,Iceland,Moo Milk Strawberry Flavour British Milk,1L,Dairy,1.5,,False,,standard,https://www.iceland.co.uk/fresh/milk-butter-and-eggs,2026-09-01
iceland-viva-longlife-1l,Iceland,Viva Semi-Skimmed Long-Life Milk,1L,Dairy,1.3,,False,,standard,https://www.iceland.co.uk/fresh/milk-butter-and-eggs,2026-09-01
iceland-cream-300,Iceland,Iceland Sweetened Squirty Cream,250g,Dairy,1.85,,False,,standard,https://www.iceland.co.uk/fresh/milk-butter-and-eggs,2026-09-01
lidl-shortcake-dark,Lidl,ITALIAMO Shortcake Biscuits with Dark Chocolate,not stated,Treats,1.99,,False,,standard,https://lt.lidl.com/h/confectionery-snacks/h10096205,2026-09-01
lidl-cocoa-cream-shortcake,Lidl,ITALIAMO Cocoa & Cream Shortcake Biscuits,not stated,Treats,1.99,,False,,standard,https://lt.lidl.com/h/confectionery-snacks/h10096205,2026-09-01
lidl-sponge-milk-filling,Lidl,ITALIAMO Sponge Cakes with Milk Flavoured Filling,not stated,Bakery,1.49,,False,,standard,https://lt.lidl.com/h/confectionery-snacks/h10096205,2026-09-01
lidl-sponge-fingers,Lidl,ITALIAMO Sponge Fingers,not stated,Bakery,2.49,1.99,True,Lidl Plus,standard_and_loyalty,https://lt.lidl.com/h/confectionery-snacks/h10096205,2026-08-26
lidl-tarallini,Lidl,ITALIAMO Tarallini Snacks Assorted,not stated,Snacks,2.79,1.99,True,Lidl Plus,standard_and_loyalty,https://lt.lidl.com/h/confectionery-snacks/h10096205,2026-08-26
lidl-crostatine,Lidl,ITALIAMO Crostatine Tartlets with Hazelnut and Cocoa Filling,not stated,Treats,1.49,0.99,True,Lidl Plus,standard_and_loyalty,https://lt.lidl.com/h/confectionery-snacks/h10096205,2026-08-26
lidl-tortilla-chips,Lidl,DELUXE Premium Tortilla Chips Assorted,not stated,Snacks,1.19,0.95,True,Lidl Plus,standard_and_loyalty,https://lt.lidl.com/h/confectionery-snacks/h10096205,2026-08-26
lidl-curlies,Lidl,HARVEST BASKET Curlies,not stated,Snacks,1.59,1.29,True,Lidl Plus,standard_and_loyalty,https://lt.lidl.com/h/confectionery-snacks/h10096205,2026-08-26
lidl-cucumber,Lidl,Cucumber,1 each,Fruit & veg,0.99,0.79,True,Lidl Plus,standard_and_loyalty,https://shopslinks.co.uk/compare/cucumber,2026-09-01
lidl-red-pepper,Lidl,Loose Red Pepper,1 each,Fruit & veg,0.7,0.49,True,Lidl Plus,standard_and_loyalty,https://shopslinks.co.uk/compare/loose-red-pepper,2026-09-01
lidl-olives,Lidl,Eridanous Whole Kalamon Olives,not stated,Food cupboard,2.79,2.29,True,Lidl Plus,standard_and_loyalty,https://shopslinks.co.uk/compare/eridanous-whole-kalamon-olives,2026-09-01
lidl-olive-spread,Lidl,Eridanous Olive Spread,not stated,Food cupboard,1.99,1.49,True,Lidl Plus,standard_and_loyalty,https://shopslinks.co.uk/compare/eridanous-olive-spread,2026-09-01
lidl-tahini,Lidl,Eridanous Tahini Assorted,not stated,Food cupboard,2.49,1.99,True,Lidl Plus,standard_and_loyalty,https://shopslinks.co.uk/compare/eridanous-tahini-assorted,2026-09-01
lidl-oat-milk,Lidl,Choccorrific Oat Milk,1L,Drinks,1.99,,False,,standard,https://shopslinks.co.uk/compare/choccorrific-oat-milk-1l,2026-09-01
